market_id	n	coverage	reason
20356824558111971780809458318199542639522366615809700941384893309703068841941	2550	0.85	coverage_below_90pct
89414889946237531484926143111550241524180296944608394063790247158181805699819	2594	0.8646666666666667	coverage_below_90pct
49152376872468829519838999192693132722314488618077516702249252462500726624707	2597	0.8656666666666667	coverage_below_90pct
77448736632225641986602204226264486544444032790903405473178016995154322471875	2893	0.9643333333333334	no_open_10s
33624223994378110854471178309233045237840245844370931421891765576670676514767	2613	0.871	no_close_10s
33457760372629668094289222969583796897566732659169682566947967115108289945832	2569	0.8563333333333333	no_open_10s
102811938431478449010553403122215921673605209902816148626189564551116829957484	2256	0.752	no_open_10s
102925587657374002750282108319836232602102859916736481131109648224749180160188	2606	0.8686666666666667	no_open_10s
89673368447887569592533292798157923607322790523210224052561294185511898824447	2839	0.9463333333333334	no_open_10s
19578331274407019678870130393891971388710000171269701219316883408822175098083	2591	0.8636666666666667	coverage_below_90pct
93125639216766377685652204792848638218630377784625728867760293750186466732466	2812	0.9373333333333334	no_close_10s
76224813604031858332413918104811254816516417817778060272191558116787095661267	2826	0.942	no_close_10s
84233084765932774490735162902743523745375692597285786695501431666475608284162	2743	0.9143333333333333	no_close_10s
69652019254599956422592754455906349416805197307271551596135740229296986412641	2588	0.8626666666666667	no_close_10s
9256620954550800462568283076975513365646046392057370015747198021290311979115	2764	0.9213333333333333	no_close_10s
84803758260783444252199437640107872195420587942859473283864870618865398286865	1282	0.42733333333333334	no_open_10s
105531529583340414771859691101958673995832830578684367296120294550807839869986	2654	0.8846666666666667	no_close_10s
100556202915779895602586020414430867023426296240912333256993650161520744311843	2014	0.6713333333333333	no_close_10s
45597777684163524176091098999232525649967327866302167212277522719620935049672	2248	0.7493333333333333	no_close_10s
35770064589427411589534379858359972253444397838224072061900090600543504124690	1848	0.616	no_close_10s
79943117431332447334408840128207608330344765813056033624301623333214386193175	2510	0.8366666666666667	no_close_10s
111844357205294330490696832605380286474858584540116688991835866136584499446207	1024	0.3413333333333333	no_close_10s
78571271233576151454907894111472672601971726266086335528569470760914457058623	2512	0.8373333333333334	no_close_10s
80839102923192225294197294431080812383093329673901580942503711341648333456565	2691	0.897	no_close_10s
95427430722480031955514834030430538073304803084421647170921604757394659233411	2826	0.942	no_close_10s
10523463856235847511050941743778368785518080887023383294688423296327790563790	2887	0.9623333333333334	no_open_10s
39530512129515147217711826037800408934070915834472837737143938378717904924824	2645	0.8816666666666667	no_open_10s
13784663469685369489266353062220682834102948700390546097960600784567783822411	2582	0.8606666666666667	coverage_below_90pct
34620455748874253616782141423834227566562663503876268545388980036013871769931	2631	0.877	coverage_below_90pct
104610188524446455696896389154771106474052499618424592227151069873711272759911	2758	0.9193333333333333	no_close_10s
94263804864784068851287787810354474297573981228592133183576186962769184784488	2866	0.9553333333333334	no_open_10s
71344873060497170465961382817026046051937280490902843617331704701633777511623	2604	0.868	coverage_below_90pct
78901922801620786721938807202672349018669842732700974934695595002868474327166	2821	0.9403333333333334	no_close_10s
29616198323186849293473222909617904525413844585009256234945848753272109149351	2560	0.8533333333333334	no_close_10s
8286121796984434544557388175785902001345972730499055049910918843085719097114	2440	0.8133333333333334	coverage_below_90pct
55294273675834572826714260239912009818677130820419750894345069228834988106440	2625	0.875	coverage_below_90pct
71308292133343397516498430799656725278136076208724212659052320362830366131401	2439	0.813	coverage_below_90pct
7943546515429479856988030231949548694302783178027720166314308772582136024564	2940	0.98	no_strike
59453842481207685737227411895299898384659279890561997927489426153721124854052	2940	0.98	no_strike
83719805573855301203914186253145453806097315813560332351707427102203350938618	2940	0.98	no_strike
39190482553234820855134161030571046334709156644434693317291034745782739220552	2940	0.98	no_strike
92678197803730910073704635461774384117707765691704356877024449536492652360738	2939	0.9796666666666667	no_strike
26006266122691995304720071987682220610901573860631945848533965985723513652999	2940	0.98	no_strike
30340113130444584459166419910068605229545694968972003975314850421886912638410	2940	0.98	no_strike
37402842062423728144412451116818532549491691062344263529822955948151039828325	2940	0.98	no_strike
91936527808778517905279204903788439824505516707046277425881426797138683060163	2940	0.98	no_strike
103982003436746818888949918976537057932964825824115458384095239614531240096167	2940	0.98	no_strike
53816529650767160797440461782951975798353700278708976103709009219122190525213	2940	0.98	no_strike
13000447825967668119555994235248763170873464434432741326471163422384515294683	2850	0.95	no_strike
106693990136854650894309713785458686119422895288995312238010011398296740202990	2940	0.98	no_strike
871223203888783218573762696598707107381754562573490388076410081908095092681	2939	0.9796666666666667	no_strike
78571058088058006003918801708563497689723816282744933174407952363423095852148	2940	0.98	no_strike
77792522068859934581244552797383322176070670189062992535672611213442956075134	2940	0.98	no_strike
14655897902433678393577903210499126537996688816132092995411447295342224475238	2940	0.98	no_strike
72521916508114057557899880888316163210908869903011773440771003409920672203097	2940	0.98	no_strike
4945462450064659131921018784240078505138527213224629825361712924115149031354	2940	0.98	no_strike
76266757244286248998009032203873676012987486486375811695002655493532209709082	2940	0.98	no_strike
82588786873762903432557182071382970579494044687001145529028529401589766693160	2940	0.98	no_strike
12811401966698703246706703229699464695224594003524908105688615324017037062475	2940	0.98	no_strike
84833462371722220197573754422341669844605228024791278015812974078014410655723	2940	0.98	no_strike
104575195376180054690665528843862064854338945347660602905318075092056311854674	2940	0.98	no_strike
88958221358481593189018971636706673525256586039054686334235445254143533055740	2940	0.98	no_strike
107169506758512992751328538487606063147788929661167098614459724825333763195076	2108	0.7026666666666667	no_close_10s
21624288484622757345808252453328353161863660690521304416369042749603909418097	2530	0.8433333333333334	no_open_10s
96171852626771237971049645244129197860710929908170418073342294540599931061832	1810	0.6033333333333334	no_open_10s
23929576445295804091884428680176927689241752936664203251351638122020297875695	2712	0.904	no_open_10s
51973022168171193494329216054063668713593071494352623593657231577842452545134	2589	0.863	coverage_below_90pct
11628338604259867517640079046012537098137717207652821991406773604074875885078	2764	0.9213333333333333	no_close_10s
64765629252608890506558762817591046986742755836383573632598745733310450340434	2521	0.8403333333333334	no_open_10s
101638549922025005288520388266488515066011295106056053360552849774393834179070	2587	0.8623333333333333	coverage_below_90pct
46072763180779057415165277764636271452178747068043129014685386895941145561152	2698	0.8993333333333333	no_open_10s
62518441762175418152804787953457299641377918689869424677962350098512383695504	2802	0.934	no_close_10s
46673093646512713941141041618263088653956697369477346363121444803178199062471	2583	0.861	no_close_10s
34278150970391541061121130160309257364121657664177369559313005233095592933676	2568	0.856	no_close_10s
1336268665939431200481059299558081966241086363079324774640423655719006733091	2434	0.8113333333333334	no_open_10s
103324303258778730559048157484585490354779825689552235395818486097287916503554	2594	0.8646666666666667	coverage_below_90pct
69113008326987049795321364157489484637593764919841126701710828338331076115221	2266	0.7553333333333333	no_close_10s
66743121537772482223035583074553294157486027148031448836227404627762814818009	2485	0.8283333333333334	no_close_10s
64013419047151005001747402450606874942806305331919163246068373595116929619123	2654	0.8846666666666667	no_close_10s
67677176250483786491408516978023049712099201844361384213625683389899269721002	2252	0.7506666666666667	no_close_10s
163181157967801405033472768472711421389432189197517450419260620640984000985	2024	0.6746666666666666	no_close_10s
73348925738651571343393295856813495969913823976518384367004191147169007978440	1451	0.4836666666666667	no_close_10s
49403953531728010309015026208158401097991568130202454114153767847999284318524	2708	0.9026666666666666	no_close_10s
82933929291721691771131631500182654818503844074733255397173220768357119744349	2357	0.7856666666666666	no_close_10s
106396876085960295917470401152912684006406146842536051148904924417149445437722	2053	0.6843333333333333	no_close_10s
42124922750676629183595052542537087695479106010226874073984039812072504098626	2322	0.774	no_close_10s
79869482550018881465590207246399293566528132301367653192966432878000470672528	1914	0.638	no_close_10s
44106607057607087773539881553091407205087777271763406259503589575539926103584	2420	0.8066666666666666	no_close_10s
51843906654413297168784501791746397715220885268014261867717752559510008166342	2251	0.7503333333333333	no_close_10s
75866449345676194690432412247132328583958393556870314618510907762589446292116	1816	0.6053333333333333	no_close_10s
73611210992030829513052404503321691952264872387670434346084434554965125294953	2445	0.815	no_close_10s
95421484786121975164134158964866950051366046488071696640107025060570213947454	2164	0.7213333333333334	no_close_10s
55388259137300066517445595276757640845034408712407941289873691405487846457908	2705	0.9016666666666666	no_close_10s
101149495383684022549937909362645012486898434774272743826041309105409133115402	2552	0.8506666666666667	no_close_10s
96224238301864552045247281204838572044588217920045125771108526284006137750591	2159	0.7196666666666667	no_close_10s
90846707902561532931634245423999752920515933578347464319269573302070423607003	1795	0.5983333333333334	no_close_10s
86863583351771633696490725465159825458312647903728445317239845104294412545838	2308	0.7693333333333333	no_close_10s
105451006957522814323634472074874565477865801937688785690194628834226529453148	2780	0.9266666666666666	no_close_10s
66454052979360452908927604644764592123083000019333633902857431687461058508493	2586	0.862	no_close_10s
75144686209800138834999268086057835979182442291659010628818942481691049036005	2250	0.75	no_close_10s
23805781826582352065232238387250488493107582472407074474320077910003058405256	1610	0.5366666666666666	no_close_10s
17444567765656547329588271887961422419965365480429966650970727276574736146749	2426	0.8086666666666666	no_close_10s
54270298435092191031642658785902207651683718800116381820281992795481577743279	2470	0.8233333333333334	no_close_10s
76347685155474927683772009837909441710762051942788721698879121154198910526960	2331	0.777	no_close_10s
37398796138475046177906812230553509879560964674676362254963701147296330514293	2507	0.8356666666666667	no_close_10s
82927400405322116406907183032448849428694488161345177526449080905835407097561	1785	0.595	no_close_10s
92870092168893205009235395754742561586960146370347706418385087752955105413418	2686	0.8953333333333333	no_close_10s
94921652561126597987462302383715350770052698514726641362496686746966193610455	2240	0.7466666666666667	no_close_10s
34173088410401283039241731623947968645035385861829031615337153583116026063568	2582	0.8606666666666667	no_close_10s
52737893657808901413697020151162375178026339365556383280938724587300165947800	2747	0.9156666666666666	no_close_10s
27640617095185440383450679891038478982273622769070234063688693712083279444165	2337	0.779	no_close_10s
105399166904178815448762620403210685190679431618655986924040024532658238767468	2148	0.716	no_close_10s
18992311760640727502683953376181277197301145875519857116944308636240977935530	2465	0.8216666666666667	no_close_10s
89049667303435855694695917248885636030496470840046022344052597203998945798917	1211	0.4036666666666667	coverage_below_90pct
93756594959090286509705693195525519695399841503396472025584508885867158244937	1450	0.48333333333333334	no_close_10s
20450382214228926640765553000956309514478100442623699001625635545425835034385	2676	0.892	no_open_10s
67864142770243406926246243339547984718315320089462799500340124040233455185931	2588	0.8626666666666667	no_open_10s
80164812802336096776164955989306715435745803081348774337374576911044893648220	2028	0.676	no_open_10s
94960210932967248902702867376361606581876969905340076971478159017596956827711	2132	0.7106666666666667	no_open_10s
52787840837419506386268231990291235352685174041963894276515922752489162324340	2343	0.781	no_open_10s
79056486841804200960595279092878182519379998678339506150516378452754684462724	2851	0.9503333333333334	no_open_10s
102927445032359648463645084108659614964743152335251612300385958353869597220250	2036	0.6786666666666666	no_open_10s
45532093660159402678023324648953968770109970228272242749407014543609418550726	2730	0.91	no_open_10s
54624904647730848210865251527258190608245739225001433492737246774740627276569	2315	0.7716666666666666	no_open_10s
30287036594828257473900838133650425675288785289767681352178049044000647107471	2631	0.877	no_open_10s
100596671982845665243319464719140362299423435027818152609094759674711380679777	2873	0.9576666666666667	no_open_10s
87928715298345393794429817098411951459703995939226240801095000549089304944144	1804	0.6013333333333334	no_open_10s
74345831833053136666987248484151251061014567126191421113477103797088770067489	1910	0.6366666666666667	no_open_10s
79242967653894814616730132233464274707340040988881602029248291511170918116670	2551	0.8503333333333334	no_open_10s
94566850703164370367217182748969532764286302023576931364703400383018795678847	1915	0.6383333333333333	no_open_10s
42157187269984687815863657779553315707247535746126241915355110547165277779495	2384	0.7946666666666666	no_open_10s
107851298530658805047149120851416943253453587462467195872521607653429122505419	2337	0.779	no_open_10s
115474335399060441909243473700838885005172999520982794878902095807942280367534	2088	0.696	no_open_10s
77803480672265101195019828797286984444821089978478463904305475590539446409759	2477	0.8256666666666667	no_open_10s
53315063178849587621181742980738758450209850373469316312936859422388300991714	2286	0.762	no_open_10s
39344335998599745776974728117994378638760469365265593826709731312166988568819	2085	0.695	no_open_10s
41602657542715535008074600001394578832796391648033434013654964699189856661503	1531	0.5103333333333333	no_open_10s
41399293179657561068317486717247040529025375234119340826117716804480752734339	2256	0.752	no_open_10s
101733068765535828268216514915491002078671663993136323792898105461918246182338	2489	0.8296666666666667	no_open_10s
51785368952068388838570102775633408656712919229418961402963024185232512379419	2243	0.7476666666666667	no_open_10s
103669840310222092302173471719641349089652553380217506368447365769627542532854	1914	0.638	no_open_10s
76238432388630778374124084372966351620093428664939444449663636990421219163345	1978	0.6593333333333333	no_open_10s
69871589311995052339866289149959004375939434380745545397370344886790946650730	2723	0.9076666666666666	no_open_10s
109734004129555270530748729577850276210136758934511797342074615487597246800896	2295	0.765	no_open_10s
15532928594703549624356863347961630781309414196298126254047236838513057116006	2376	0.792	no_open_10s
59388100097934885919071692522178001246228199965085438341433388207711959890468	2603	0.8676666666666667	no_open_10s
12647832101742988921474578914156196066311237418091488159460364082651354540906	2345	0.7816666666666666	no_open_10s
105781701454253736475806240054502596900890753853345988787545545173498825982206	2736	0.912	no_open_10s
73073682355680357396035875668644093876112268405677582487668225021149126535260	1062	0.354	no_open_10s
39047940251511250096473353084081613516834859053878790570261973151165680274626	2338	0.7793333333333333	no_open_10s
108411658369574001333141289445271717739701408404711639577224207480251954617643	2483	0.8276666666666667	no_open_10s
74384631995411144132648600913495183513349051300784891445258556844777225253610	1143	0.381	no_open_10s
79410239824103488584798880074865570912691554851439599249318084304725763153045	2565	0.855	no_open_10s
80848943645807780189474381738309092865295165124572817061814862053958207780963	2241	0.747	no_open_10s
54501162344710711000961327626422435311868659490985018078472384277519369916707	2671	0.8903333333333333	no_open_10s
2870071765957652604093443152981309181093474405709776992937201553835717128793	2119	0.7063333333333334	no_open_10s
96091727005504948574607997744255629984611466757807782437519809395313922329755	2184	0.728	no_open_10s
34301441573786002308120514039019363077655688682072622001919525738246565022505	1896	0.632	no_open_10s
51014432142266312593977890165832341332071395684436074174177967111323740325392	2260	0.7533333333333333	no_open_10s
15294858317693806076727451306017974880737275966881924318485125831849861101150	2448	0.816	no_open_10s
37792690401396464008756211482910276332956187680021054942323800520692323376167	2226	0.742	no_open_10s
107280534708443953218892868795145537474648779703934724849132979638957875370876	2344	0.7813333333333333	no_open_10s
115429701030538018057989493816514038231719428405095318080960436820817223571737	2391	0.797	no_open_10s
57866412129216317416111811198508736805274416018101695307081531094500576713376	2626	0.8753333333333333	no_open_10s
39809570077286222476918147341365847589319642577592224867480824720694233243537	2027	0.6756666666666666	no_open_10s
64047310959448313735645046724303492028606506301846991877955998791057670641222	2232	0.744	no_open_10s
84923089153645529501516818258519561792478062399476409817865244843552666510674	2269	0.7563333333333333	no_open_10s
106411298041865568955982415802124692785796650015439799095555347658759382813184	2313	0.771	no_open_10s
85391766660769752700316292460109450760535486769913608573879335420448718527024	2335	0.7783333333333333	no_open_10s
16595617651233318274768323023851988509132988486072141244494094677672114279979	2669	0.8896666666666667	no_open_10s
60531973562758631456899882651353145520588118924449257642168361465991886283021	2504	0.8346666666666667	no_open_10s
42943983021313011557680009422326115292552120582240225374784850873376345974490	1938	0.646	no_open_10s
12990103344146789637745354787316681931050290069971967254506265222875194499140	1713	0.571	no_open_10s
7181432375884837265011647659154566734130262240702657636384946542204410100127	2398	0.7993333333333333	no_open_10s
114288921024709413190742020005135612102581787618011494718223746697015270925227	2380	0.7933333333333333	no_open_10s
62696350370414685286533392339717221826849230802601297545475954346410551353459	1825	0.6083333333333333	no_open_10s
103311482850512313182582865360998051958248056999734688503123023000553072966907	1824	0.608	no_open_10s
31356203450063708018389015597146628957536891059133669126063577152114886206501	1892	0.6306666666666667	no_open_10s
42518559540688710963059852019248918666939062802087517682731859716454987514482	1620	0.54	no_open_10s
80354988625033352408700791528406118234135847378721376711763800289068411397587	1771	0.5903333333333334	no_open_10s
53444105512392513391469880945706162115811009593997794119830448880202253646763	1919	0.6396666666666667	no_open_10s
114194581702073861638767071687151150786734105267487224650760521610270595312701	1647	0.549	no_open_10s
59702364478804743530217304657400722458241489189221466675173271753104782885396	2523	0.841	no_open_10s
94625623831138162147640441031182332227436133737378785339640392213676781025311	1391	0.46366666666666667	no_open_10s
69109288038919330826440915977882086113405250611377402245408421413394698955655	2154	0.718	no_open_10s
37393478540955495745968748274985778781314951480397331999297201903014606585399	2183	0.7276666666666667	no_open_10s
57093566046369501693634268323299804987394049586135846289005307820727016139289	2518	0.8393333333333334	no_open_10s
49373799064437022111556572700485219908534838217650442512577773704568062175075	2120	0.7066666666666667	no_open_10s
110983757003075950131385249882129650669159733975757487603192430151771541064121	2019	0.673	no_open_10s
75154138710476631596852854398978103417089974101773833118064592471227074555644	1896	0.632	no_open_10s
80638527971179843481458132025705821089929792695595408978323843813081854296470	2205	0.735	no_open_10s
9571782654374453175554389415014875754534955807782353350325897818347492097876	2297	0.7656666666666667	no_open_10s
13482414682000151334864595398901499980564945873856065137116272623647311045598	1972	0.6573333333333333	no_open_10s
7441932949612477759813714793677723419555804987712020053381636776769466812845	2096	0.6986666666666667	no_open_10s
115604978335134483163501938921981252015490342512247742521116329239876852782057	1580	0.5266666666666666	no_open_10s
55369701326588409213232876528599193551305557385230315748461043974044303901651	2042	0.6806666666666666	no_open_10s
85862972275700951129515427786800790996607097085388156699539425373980108511670	2402	0.8006666666666666	no_open_10s
13083097926473159371036423585967855796874429645889201298866930852116315564936	1774	0.5913333333333334	no_open_10s
8273418687904412151055900985740554685617622075060600878436200508652520930110	2783	0.9276666666666666	no_open_10s
98344745945745208565730553170602076950228015770627324904478820461320960108818	2612	0.8706666666666667	coverage_below_90pct
104672805921362799391026035406595433764318065802137158944808673896229168169718	2751	0.917	no_close_10s
61814347402482406760103016119973203826629074912698648668897129831350824123457	2607	0.869	no_close_10s
114908786352696920571925019701659375439509137157035556409806760078557331530240	2412	0.804	coverage_below_90pct
38440057824964032998227442457730859453158429555124082570984963397306014735237	2782	0.9273333333333333	no_open_10s
76771268454055070600838921681091575877524236974252169120137939291063487699220	2820	0.94	no_open_10s
4094129834804557775449143411557152223181619210598248652733400068860114794069	2150	0.7166666666666667	no_close_10s
2463395393029131696263912499896325236273700907632859297336236085510972315529	2588	0.8626666666666667	coverage_below_90pct
73214963651273154333867196137515732996221304025032378576588749234960793821645	2888	0.9626666666666667	no_open_10s
101781097020627338146520020782511499357851538945164749402390669254629129312018	1881	0.627	no_close_10s
61833158266682248806342406372696320946176714402145374453257175500191747319650	2892	0.964	no_open_10s
108024504633740272061626511272729610257001697905484765817596543568553870408267	2477	0.8256666666666667	coverage_below_90pct
67905451653685759563082608142228789088900843673661339535486882323991611300229	2878	0.9593333333333334	no_close_10s
44764523611047428075104822467637911842520777676626975087179447353789300330734	2661	0.887	coverage_below_90pct
22596943735444776404192945977650151136543888862366916019812614596024118799232	2396	0.7986666666666666	no_close_10s
112929789288450102313140660452993461607053074302913891793991786309170825402988	2723	0.9076666666666666	no_open_10s
4934806097696164395759980383996365391785113558460935418162196780395446667392	2623	0.8743333333333333	coverage_below_90pct
76467503106139392930140699408716815463488145000889025607270021104469650171577	2816	0.9386666666666666	no_open_10s
37776257308874790772187528643358389105650989087375689836345008819700021575125	1901	0.6336666666666667	no_close_10s
57933289304251990353482398723136487716570153282150420242173593313831133156386	2858	0.9526666666666667	no_open_10s
115279753735018649947897794464796517380198996161995103858305687147054856388422	1860	0.62	coverage_below_90pct
114703296974096344828862311892119549150763161309861621474392670816972737716420	2770	0.9233333333333333	no_open_10s
72008885287175266025929197201077152544512907357504916249045841091903722306248	1839	0.613	coverage_below_90pct
40066103585271977274305931953169913432889417090409558400887875343608880346884	1874	0.6246666666666667	no_close_10s
114184509612121611523265295021571112656553557178160723176885506214954168497511	1934	0.6446666666666667	no_close_10s
89948653687251476388751363799468011964517374140618606973784747538451688289680	2195	0.7316666666666667	no_close_10s
48256806871589662717806854201235367209878939765798906506800164813026476814947	2484	0.828	no_close_10s
38965035323291111171415423639700154843009047926133230525343342075392244748558	1481	0.49366666666666664	no_open_10s
19955901401364473560858785785827776742157277536430090972203366592852842528879	2655	0.885	no_open_10s
64108323466985403319725999792534986091068140417591149720420366390689326333799	1659	0.553	coverage_below_90pct
66947401132933796436974704593111541643246383407354717654820943109538432267477	2349	0.783	no_close_10s
89586511544733554409385189657561407054008665297283171632412999691294040771637	2725	0.9083333333333333	no_close_10s
57129558757487989655737255657680317312964123995235487973047426082557122680777	2556	0.852	no_close_10s
112054001159740359605900571730403848682643019795940340503271208588883657877949	2644	0.8813333333333333	coverage_below_90pct
100455634814338787090813156663815103183987454346230517947105094171759830117031	2602	0.8673333333333333	no_close_10s
50036650072906372585745133504921392553729346428357002916097659589571017859034	2711	0.9036666666666666	no_close_10s
40780137328427957849933602425689618634465394862880350855663003393649237146651	1801	0.6003333333333334	no_close_10s
1442529797409916990890027455502134489209496998620132751943781563657815725584	2787	0.929	no_close_10s
80220939940550320802374564802733827609596407537298876724131068513219318610837	2883	0.961	no_open_10s
14302785800651505999211606388338011327832691885790505637517378928882384089758	2227	0.7423333333333333	no_close_10s
50569456261239863504461642646365048118435842833779647137883186779060773207970	2803	0.9343333333333333	no_open_10s
24613010281233977766911553326954112629747699571048012019758093834056222089528	2516	0.8386666666666667	coverage_below_90pct
60024483305473080112023536709798009001206771434274309846272563165482656077167	2456	0.8186666666666667	coverage_below_90pct
1131984823232887923262981392171632547509569942509043799149667421983001359228	2226	0.742	no_close_10s
33832770526731636505499927868524875871145381065009932031073414200589523184776	2754	0.918	no_open_10s
91469233528256243772686509991101713787435094238882092464278114309313467203447	2698	0.8993333333333333	no_open_10s
20283507929372912983945535953547909564333862939278507150713972915252662085058	2449	0.8163333333333334	coverage_below_90pct
37441909752140041377530998903582877632957434229910706187398748982414978775810	2554	0.8513333333333334	coverage_below_90pct
101315289588361550538009176648412816752962385647651150697940156709270910382412	2582	0.8606666666666667	coverage_below_90pct
78834687510627026522908279525368461863159981402295100518157222211355026164894	2351	0.7836666666666666	no_close_10s
44203294677340486327330112417625210625655972936415578106037050653374874997377	2893	0.9643333333333334	no_open_10s
50240019759165753468794422851528342985569597355771305429325431536246858774893	2468	0.8226666666666667	no_close_10s
110568343351426590861266690469383773386914263977686170938452202345465299966869	2804	0.9346666666666666	no_open_10s
18535041731431831691300679453940970568921959272746767077675845527766863501604	2342	0.7806666666666666	coverage_below_90pct
